{
    "model_name": "efficientnet_b0",
    "train_acc": 89.5273631840796,
    "val_acc": 70.84785133565622,
    "test_acc": 70.7897793263647,
    "precision": 70.45373724560865,
    "recall": 70.7897793263647,
    "f1_score": 70.25654893044872,
    "epochs": 10,
    "time": 925.1659257411957
}